1000,5654775.189,-6477.490,1085.427,CP CP1
1001,5654665.965,-6408.915,1081.158,CP CP2
1002,5654672.640,-6523.263,1085.639,CP CP3
1003,5654778.189,-6474.490,1085.236,BM BM1
1004,5654785.952,-6550.602,1087.634,LIP1 B
1005,5654784.669,-6546.096,1087.598,LIP1
1006,5654784.215,-6545.002,1087.575,LIP1
1007,5654783.388,-6543.513,1087.566,LIP1
1008,5654782.872,-6542.868,1087.553,LIP1
1009,5654782.280,-6542.477,1087.557,LIP1
1010,5654781.128,-6542.004,1087.555,LIP1
1011,5654779.950,-6541.748,1087.537,LIP1
1012,5654778.723,-6541.680,1087.534,LIP1
1013,5654777.548,-6541.747,1087.509,LIP1
1014,5654775.852,-6541.996,1087.477,LIP1
1015,5654769.216,-6542.715,1087.378,LIP1
1016,5654762.583,-6543.428,1087.266,LIP1
1017,5654755.828,-6544.007,1087.109,LIP1
1018,5654750.660,-6544.205,1087.024,LIP1
1019,5654745.487,-6544.404,1086.987,LIP1
1020,5654740.568,-6544.384,1086.860,LIP1
1021,5654736.265,-6544.199,1086.735,LIP1
1022,5654730.130,-6543.770,1086.640,LIP1
1023,5654725.308,-6543.352,1086.537,LIP1
1024,5654719.873,-6542.723,1086.417,LIP1
1025,5654713.983,-6541.749,1086.321,LIP1
1026,5654708.941,-6540.665,1086.197,LIP1
1027,5654703.922,-6539.462,1086.117,LIP1
1028,5654699.664,-6538.352,1086.031,LIP1
1029,5654695.777,-6537.227,1085.989,LIP1
1030,5654690.747,-6535.647,1085.847,LIP1
1031,5654686.300,-6534.090,1085.795,LIP1
1032,5654682.879,-6532.762,1085.699,LIP1
1033,5654678.673,-6530.954,1085.684,LIP1
1034,5654670.551,-6527.032,1085.572,LIP1
1035,5654666.696,-6525.005,1085.425,LIP1
1036,5654662.892,-6522.882,1085.363,LIP1
1037,5654655.873,-6518.645,1085.221,LIP1
1038,5654651.621,-6515.850,1085.134,LIP1
1039,5654648.118,-6513.424,1085.047,LIP1
1040,5654641.811,-6508.770,1084.860,LIP1
1041,5654639.294,-6507.096,1084.807,LIP1
1042,5654638.249,-6506.116,1084.756,LIP1
1043,5654637.189,-6505.506,1084.726,LIP1
1044,5654636.311,-6505.142,1084.689,LIP1
1045,5654634.359,-6504.643,1084.624,LIP1
1046,5654631.494,-6504.166,1084.497,LIP1
1047,5654628.528,-6504.187,1084.406,LIP1
1048,5654627.222,-6504.333,1084.362,LIP1
1049,5654623.666,-6505.314,1084.193,LIP1
1050,5654623.011,-6505.564,1084.173,LIP1
1051,5654621.484,-6506.370,1084.092,LIP1
1052,5654617.424,-6508.908,1083.822,LIP1 E
1053,5654759.749,-6534.055,1087.255,LIP2 B
1054,5654752.145,-6534.736,1087.120,LIP2
1055,5654746.343,-6534.813,1087.008,LIP2 E
1056,5654732.993,-6534.554,1086.710,LIP3 B
1057,5654727.662,-6534.134,1086.618,LIP3 E
1058,5654757.705,-6392.244,1082.423,LIP1 B
1059,5654755.466,-6393.814,1082.468,LIP1
1060,5654752.808,-6396.021,1082.515,LIP1
1061,5654751.946,-6396.906,1082.533,LIP1
1062,5654751.292,-6397.958,1082.542,LIP1
1063,5654750.501,-6399.773,1082.558,LIP1
1064,5654749.980,-6402.032,1082.538,LIP1
1065,5654749.909,-6404.587,1082.558,LIP1
1066,5654750.087,-6406.439,1082.591,LIP1
1067,5654750.632,-6408.135,1082.589,LIP1
1068,5654753.456,-6414.443,1082.757,LIP1
1069,5654757.683,-6423.313,1083.123,LIP1
1070,5654761.911,-6432.192,1083.507,LIP1
1071,5654766.134,-6441.065,1083.816,LIP1
1072,5654769.461,-6448.411,1084.147,LIP1
1073,5654772.785,-6455.753,1084.451,LIP1
1074,5654773.868,-6458.406,1084.575,LIP1
1075,5654775.210,-6462.195,1084.750,LIP1
1076,5654778.045,-6471.507,1085.094,LIP1
1077,5654778.859,-6474.658,1085.206,LIP1
1078,5654779.960,-6479.826,1085.407,LIP1
1079,5654781.002,-6486.099,1085.701,LIP1
1080,5654782.054,-6492.360,1085.970,LIP1
1081,5654782.674,-6499.680,1086.253,LIP1
1082,5654783.292,-6506.983,1086.438,LIP1
1083,5654783.284,-6514.190,1086.736,SW1
1084,5654783.364,-6517.154,1086.852,LIP1
1085,5654783.473,-6518.159,1086.841,LIP1
1086,5654783.841,-6519.755,1086.919,LIP1
1087,5654784.189,-6520.733,1086.964,LIP1
1088,5654784.663,-6521.655,1086.974,LIP1
1089,5654785.884,-6523.458,1087.081,LIP1
1090,5654786.696,-6524.358,1087.118,LIP1
1091,5654787.566,-6525.155,1087.151,LIP1
1092,5654789.306,-6526.285,1087.287,LIP1
1093,5654790.416,-6526.783,1087.331,LIP1
1094,5654791.554,-6527.152,1087.356,LIP1
1095,5654793.503,-6527.536,1087.321,LIP1
1096,5654795.820,-6527.611,1087.429,LIP1
1097,5654798.468,-6527.329,1087.567,LIP1 E
1098,5654794.844,-6525.376,1087.463,LIP2 B
1099,5654798.669,-6524.983,1087.572,LIP2 E
1100,5654753.263,-6399.020,1082.534,LIP3 B
1101,5654752.546,-6400.834,1082.630,LIP3
1102,5654752.256,-6402.379,1082.685,LIP3
1103,5654752.124,-6403.723,1082.696,LIP3
1104,5654752.234,-6405.601,1082.744,LIP3
1105,5654752.749,-6407.487,1082.790,LIP3
1106,5654753.186,-6408.549,1082.846,LIP3
1107,5654755.594,-6413.640,1082.994,LIP3
1108,5654758.008,-6418.717,1083.234,LIP3
1109,5654760.286,-6423.730,1083.425,LIP3
1110,5654762.566,-6428.739,1083.617,LIP3
1111,5654766.358,-6436.733,1083.881,LIP3
1112,5654770.156,-6444.730,1084.356,LIP3
1113,5654773.947,-6452.721,1084.648,LIP3
1114,5654775.471,-6456.504,1084.812,LIP3
1115,5654777.098,-6460.933,1084.928,LIP3
1116,5654779.443,-6468.404,1085.248,LIP3
1117,5654780.789,-6473.286,1085.434,LIP3
1118,5654781.921,-6478.143,1085.637,LIP3
1119,5654783.267,-6485.154,1085.949,LIP3
1120,5654783.988,-6489.736,1086.075,LIP3
1121,5654784.437,-6494.489,1086.306,LIP3
1122,5654785.084,-6500.027,1086.408,LIP3
1123,5654785.565,-6506.968,1086.720,LIP3
1124,5654785.669,-6509.859,1086.798,LIP3
1125,5654785.623,-6516.090,1086.987,LIP3
1126,5654785.689,-6517.568,1087.074,LIP3
1127,5654785.836,-6518.356,1087.138,LIP3
1128,5654786.650,-6520.566,1087.171,LIP3
1129,5654787.162,-6521.513,1087.201,LIP3
1130,5654787.542,-6522.002,1087.215,LIP3
1131,5654788.290,-6522.696,1087.245,LIP3
1132,5654788.987,-6523.222,1087.278,LIP3
1133,5654791.892,-6525.026,1087.374,LIP3 E
1134,5654610.724,-6502.383,1083.759,LIP1 B
1135,5654612.709,-6501.203,1083.908,LIP1
1136,5654615.016,-6498.821,1084.039,LIP1
1137,5654616.206,-6497.381,1084.030,LIP1
1138,5654616.470,-6496.750,1084.073,LIP1
1139,5654616.581,-6496.180,1084.146,LIP1
1140,5654617.016,-6492.673,1084.210,LIP1
1141,5654617.061,-6491.093,1084.224,LIP1
1142,5654616.719,-6488.457,1084.329,LIP1
1143,5654616.178,-6485.298,1084.119,LIP1
1144,5654615.595,-6483.219,1084.009,LIP1
1145,5654614.895,-6479.678,1083.928,LIP1
1146,5654614.395,-6476.702,1083.816,LIP1
1147,5654614.227,-6474.644,1083.717,LIP1
1148,5654614.125,-6469.011,1083.481,LIP1
1149,5654614.231,-6465.355,1083.249,LIP1
1150,5654614.930,-6457.915,1082.791,LIP1
1151,5654615.228,-6456.048,1082.644,LIP1
1152,5654616.346,-6451.170,1082.384,LIP1
1153,5654616.989,-6448.702,1082.112,LIP1
1154,5654617.563,-6446.864,1082.002,LIP1
1155,5654618.659,-6444.153,1081.831,LIP1
1156,5654622.804,-6435.457,1081.353,LIP1
1157,5654624.232,-6432.854,1081.162,LIP1
1158,5654627.420,-6427.409,1080.701,LIP1
1159,5654628.441,-6425.220,1080.475,LIP1
1160,5654628.962,-6423.272,1080.378,LIP1
1161,5654629.276,-6420.124,1080.140,LIP1
1162,5654629.253,-6418.947,1080.059,LIP1
1163,5654629.130,-6418.057,1079.993,LIP1
1164,5654628.481,-6415.430,1079.868,LIP1 E
1165,5654609.165,-6500.643,1083.756,LIP2 B
1166,5654611.553,-6499.072,1083.979,LIP2
1167,5654612.371,-6498.278,1084.080,LIP2
1168,5654613.556,-6496.782,1084.165,LIP2 E
1169,5654666.762,-6514.325,1085.440,LIP3 B
1170,5654663.291,-6512.291,1085.358,LIP3
1171,5654660.039,-6510.195,1085.287,LIP3 E
1172,5654614.431,-6494.820,1084.295,LIP1 B
1173,5654614.796,-6492.661,1084.398,LIP1
1174,5654614.884,-6491.847,1084.443,LIP1
1175,5654614.844,-6491.167,1084.476,LIP1
1176,5654614.549,-6489.631,1084.529,LIP1
1177,5654614.110,-6486.360,1084.478,LIP1
1178,5654612.515,-6478.211,1084.091,LIP1
1179,5654612.250,-6476.111,1084.034,LIP1
1180,5654612.007,-6472.655,1083.863,LIP1
1181,5654611.940,-6470.280,1083.745,LIP1
1182,5654612.016,-6464.124,1083.386,LIP1
1183,5654612.352,-6460.070,1083.210,LIP1
1184,5654612.705,-6457.493,1083.057,LIP1
1185,5654613.424,-6453.442,1082.865,LIP1
1186,5654614.207,-6450.185,1082.507,LIP1
1187,5654615.251,-6446.919,1082.215,LIP1
1188,5654616.469,-6443.676,1081.978,LIP1
1189,5654617.988,-6440.150,1081.784,LIP1
1190,5654619.519,-6437.041,1081.594,LIP1
1191,5654622.802,-6431.001,1081.125,LIP1
1192,5654626.083,-6424.962,1080.677,LIP1
1193,5654626.759,-6423.496,1080.569,LIP1
1194,5654627.000,-6422.311,1080.501,LIP1
1195,5654627.045,-6420.073,1080.340,LIP1
1196,5654626.916,-6418.318,1080.239,LIP1
1197,5654626.567,-6416.731,1080.143,LIP1 E
1198,5654635.511,-6492.366,1084.451,LIP2 B
1199,5654639.806,-6495.978,1084.592,LIP2
1200,5654642.491,-6498.127,1084.698,LIP2
1201,5654648.875,-6502.782,1084.947,LIP2
1202,5654655.259,-6507.438,1085.111,LIP2
1203,5654663.276,-6512.600,1085.343,LIP2
1204,5654667.874,-6515.343,1085.441,LIP2
1205,5654672.076,-6517.687,1085.520,LIP2
1206,5654676.425,-6519.939,1085.613,LIP2
1207,5654680.697,-6521.962,1085.685,LIP2
1208,5654685.273,-6523.931,1085.795,LIP2
1209,5654688.584,-6525.251,1085.835,LIP2
1210,5654691.969,-6526.492,1085.937,LIP2
1211,5654697.129,-6528.200,1086.035,LIP2
1212,5654702.226,-6529.680,1086.132,LIP2
1213,5654706.438,-6530.776,1086.220,LIP2
1214,5654712.095,-6532.072,1086.293,LIP2
1215,5654718.240,-6533.244,1086.442,LIP2
1216,5654724.337,-6534.098,1086.555,LIP2
1217,5654728.522,-6534.521,1086.639,LIP2
1218,5654735.265,-6535.015,1086.760,LIP2
1219,5654740.686,-6535.219,1086.891,LIP2
1220,5654749.069,-6535.082,1087.044,LIP2
1221,5654753.840,-6534.822,1087.119,LIP2
1222,5654759.439,-6534.417,1087.240,LIP2
1223,5654763.386,-6534.001,1087.291,LIP2
1224,5654766.367,-6533.525,1087.349,LIP2
1225,5654767.602,-6533.139,1087.370,LIP2
1226,5654768.566,-6532.671,1087.394,LIP2
1227,5654769.883,-6531.839,1087.409,LIP2
1228,5654771.745,-6530.329,1087.418,LIP2
1229,5654772.143,-6529.852,1087.405,LIP2
1230,5654772.772,-6528.894,1087.391,LIP2
1231,5654773.316,-6527.652,1087.354,LIP2
1232,5654773.617,-6526.713,1087.362,LIP2
1233,5654773.970,-6524.485,1087.305,LIP2
1234,5654774.198,-6521.121,1087.203,LIP2
1235,5654774.140,-6515.704,1086.966,LIP2
1236,5654774.081,-6510.291,1086.737,LIP2
1237,5654773.736,-6503.050,1086.418,LIP2
1238,5654773.055,-6495.608,1086.072,LIP2
1239,5654772.418,-6490.772,1085.866,LIP2
1240,5654771.648,-6485.719,1085.704,LIP2
1241,5654770.954,-6481.787,1085.521,LIP2
1242,5654770.469,-6479.537,1085.416,LIP2
1243,5654769.878,-6477.010,1085.307,LIP2
1244,5654768.693,-6472.656,1085.129,LIP2
1245,5654766.138,-6464.257,1084.747,LIP2
1246,5654765.125,-6461.388,1084.580,LIP2
1247,5654763.547,-6457.746,1084.408,LIP2
1248,5654759.325,-6448.770,1084.043,LIP2
1249,5654755.112,-6439.793,1083.665,LIP2
1250,5654750.900,-6430.817,1083.311,LIP2
1251,5654748.098,-6424.677,1083.058,LIP2
1252,5654745.293,-6418.535,1082.834,LPI2
1253,5654742.483,-6412.395,1082.586,LIP2
1254,5654741.950,-6411.501,1082.545,LIP2
1255,5654740.921,-6410.145,1082.459,LIP2
1256,5654739.691,-6408.972,1082.417,LIP2
1257,5654737.225,-6407.454,1082.349,LIP2
1258,5654736.092,-6406.933,1082.285,LIP2
1259,5654734.904,-6406.533,1082.249,LIP2
1260,5654735.799,-6406.021,1082.250,LIP2
1261,5654730.030,-6406.095,1082.187,LIP2
1262,5654725.136,-6406.195,1082.104,LIP2
1263,5654720.221,-6406.515,1082.037,LIP2
1264,5654717.186,-6407.015,1081.976,LIP2
1265,5654708.883,-6408.570,1081.822,LIP2
1266,5654700.583,-6410.122,1081.676,LIP2
1267,5654697.925,-6410.557,1081.650,LIP2
1268,5654694.119,-6411.046,1081.583,LIP2
1269,5654688.740,-6411.602,1081.475,SW2
1270,5654683.364,-6412.154,1081.372,LIP2
1271,5654677.666,-6412.414,1081.271,LIP2
1272,5654671.974,-6412.666,1081.199,LIP2
1273,5654667.535,-6412.759,1081.098,LIP2
1274,5654664.363,-6412.724,1081.013,LIP2
1275,5654655.790,-6412.347,1080.803,LIP2
1276,5654653.774,-6412.339,1080.756,LIP2
1277,5654651.541,-6412.764,1080.675,LIP2
1278,5654649.861,-6413.311,1080.683,LIP2
1279,5654648.404,-6414.078,1080.654,LIP2
1280,5654646.440,-6415.478,1080.604,LIP2
1281,5654645.292,-6416.623,1080.577,LIP2
1282,5654643.951,-6418.250,1080.528,LIP2
1283,5654640.808,-6422.981,1080.591,LIP2
1284,5654637.674,-6427.706,1080.694,LIP2
1285,5654634.651,-6433.399,1080.906,LIP2
1286,5654631.625,-6439.109,1081.237,LIP2
1287,5654628.410,-6445.357,1081.711,LIP2
1288,5654627.030,-6448.470,1081.946,LIP2
1289,5654622.405,-6450.998,1082.186,LIP2
1290,5654625.097,-6454.548,1082.360,LIP2
1291,5654623.693,-6461.253,1082.837,LIP2
1292,5654623.504,-6463.754,1082.963,LIP2
1293,5654623.274,-6468.994,1083.326,LIP2
1294,5654623.553,-6475.249,1083.730,LIP2
1295,5654623.775,-6476.900,1083.824,LIP2
1296,5654624.819,-6480.248,1083.974,LIP2
1297,5654625.249,-6481.233,1084.017,LIP2
1298,5654625.862,-6482.340,1084.061,LIP2
1299,5654627.364,-6484.355,1084.126,LIP2
1300,5654630.996,-6488.301,1084.285,LIP2
1301,5654634.149,-6491.190,1084.383,LIP2 E
1302,5654766.240,-6465.598,1084.854,LIP3 B
1303,5654768.982,-6474.666,1085.248,LIP3
1304,5654769.800,-6478.071,1085.392,LIP3 E
1305,5654779.295,-6475.104,1085.230,LIP1 B
1306,5654777.442,-6468.408,1084.974,LIP1 E
1307,5654626.213,-6415.587,1080.064,LIP2 B
1308,5654625.381,-6413.798,1079.934,LIP2
1309,5654623.122,-6410.541,1079.842,LIP2
1310,5654622.154,-6409.644,1079.822,LIP2
1311,5654620.701,-6408.732,1079.803,LIP2 E
1312,5654628.087,-6414.194,1079.801,LIP3 B
1313,5654627.246,-6412.310,1079.715,LIP3
1314,5654626.374,-6410.797,1079.682,LIP3
1315,5654625.773,-6409.935,1079.658,LIP3
1316,5654625.102,-6409.229,1079.643,LIP3
1317,5654622.070,-6406.636,1079.544,LIP3 E
1318,5654759.287,-6393.925,1082.507,LIP1 B
1319,5654755.509,-6396.470,1082.515,LIP1 E
1320,5654631.102,-6396.506,1079.942,LIP2 B
1321,5654635.576,-6397.445,1080.189,LIP2
1322,5654642.088,-6398.601,1080.477,LIP2
1323,5654647.374,-6399.712,1080.628,LIP2
1324,5654650.802,-6400.198,1080.776,LIP2
1325,5654654.629,-6400.522,1080.906,LIP2
1326,5654662.228,-6400.963,1081.201,LIP2
1327,5654670.377,-6401.297,1081.313,LIP2
1328,5654676.596,-6401.068,1081.432,LIP2
1329,5654682.813,-6400.845,1081.570,LIP2
1330,5654687.105,-6400.506,1081.652,LIP2
1331,5654694.201,-6399.552,1081.851,LIP2
1332,5654701.112,-6398.305,1081.983,LPI2
1333,5654708.013,-6397.057,1082.109,LIP2
1334,5654715.597,-6395.549,1082.282,LIP2
1335,5654721.039,-6394.268,1082.374,LIP2
1336,5654728.312,-6391.947,1082.503,LIP2
1337,5654729.968,-6391.347,1082.497,LIP2
1338,5654735.184,-6389.313,1082.536,LIP2
1339,5654740.396,-6387.267,1082.607,LIP2
1340,5654746.553,-6384.635,1082.625,LIP2 E
1341,5654629.037,-6398.302,1079.804,LIP3 B
1342,5654635.971,-6400.011,1080.170,LIP3
1343,5654641.680,-6401.156,1080.431,LIP3
1344,5654649.200,-6402.404,1080.552,LIP3
1345,5654652.036,-6402.753,1080.800,LIP3
1346,5654655.399,-6403.045,1080.919,LIP3
1347,5654662.047,-6403.327,1081.141,LIP3
1348,5654668.169,-6403.399,1081.143,LIP3
1349,5654674.278,-6403.461,1081.346,LIP3
1350,5654681.461,-6403.150,1081.568,LIP3
1351,5654686.567,-6402.751,1081.531,LIP3
1352,5654691.673,-6402.350,1081.783,LIP3
1353,5654698.223,-6401.448,1081.853,LIP3
1354,5654705.051,-6400.215,1081.972,LIP3
1355,5654714.638,-6397.941,1082.180,LIP3
1356,5654719.579,-6396.709,1082.340,LIP3
1357,5654724.522,-6395.485,1082.354,LIP3
1358,5654730.670,-6393.480,1082.354,LIP3
1359,5654736.238,-6391.422,1082.501,LIP3
1360,5654742.729,-6388.664,1082.588,LIP3
1361,5654749.221,-6385.906,1082.551,LIP3 E
1362,5654668.440,-6527.980,1085.600,SW1 B
1363,5654675.280,-6531.494,1085.716,SW1
1364,5654683.163,-6534.720,1085.830,SW1 E
1365,5654688.924,-6536.937,1085.877,SW2 B
1366,5654692.088,-6538.002,1085.998,SW2
1367,5654701.479,-6540.825,1086.158,SW2
1368,5654707.600,-6542.267,1086.310,SW2
1369,5654715.449,-6543.807,1086.445,SW2 E
1370,5654720.667,-6544.652,1086.441,SW3 B
1371,5654725.032,-6545.191,1086.598,SW3
1372,5654729.471,-6545.580,1086.667,SW3
1373,5654736.501,-6546.011,1086.815,SW3
1374,5654742.692,-6546.220,1086.942,SW3
1375,5654750.319,-6546.167,1087.075,SW3
1376,5654755.421,-6545.760,1087.076,SW3
1377,5654760.531,-6545.352,1087.181,SW3 E
1378,5654763.910,-6545.061,1087.271,SW1 B
1379,5654769.266,-6544.474,1087.363,SW1
1380,5654774.621,-6543.889,1087.461,SW1
1381,5654779.101,-6543.262,1087.511,SW1
1382,5654779.735,-6543.276,1087.549,SW1
1383,5654780.454,-6543.484,1087.569,SW1
1384,5654780.895,-6543.708,1087.581,SW1
1385,5654781.751,-6544.421,1087.594,SW1
1386,5654782.545,-6545.755,1087.669,SW1
1387,5654784.345,-6551.883,1087.767,SW1 E
1388,5654617.785,-6509.231,1083.817,SW2 B
1389,5654620.901,-6507.327,1084.040,SW2 E
1390,5654746.347,-6534.812,1087.016,SW3 B
1391,5654738.670,-6534.858,1086.823,SW3
1392,5654732.989,-6534.551,1086.717,SW3 E
1393,5654727.664,-6534.139,1086.616,SW1 B
1394,5654723.329,-6533.646,1086.534,SW1
1395,5654719.724,-6533.112,1086.439,SW1
1396,5654711.554,-6531.577,1086.296,SW1
1397,5654707.415,-6530.604,1086.222,SW1
1398,5654701.793,-6529.162,1086.120,SW1
1399,5654695.295,-6527.262,1086.020,SW1
1400,5654689.659,-6525.290,1085.895,SW1
1401,5654687.085,-6524.308,1085.832,SW1
1402,5654681.097,-6521.800,1085.724,SW1
1403,5654676.376,-6519.483,1085.619,SW1
1404,5654671.564,-6516.912,1085.526,SW1
1405,5654666.763,-6514.320,1085.445,SW1
1406,5654769.796,-6478.069,1085.384,SW2 B
1407,5654771.356,-6486.263,1085.723,SW2
1408,5654772.286,-6491.991,1085.932,SW2
1409,5654772.883,-6497.962,1086.186,SW2
1410,5654773.481,-6503.932,1086.475,SW2
1411,5654773.683,-6510.853,1086.781,SW2
1412,5654773.884,-6517.760,1087.092,SW2
1413,5654773.703,-6523.792,1087.296,SW2
1414,5654773.483,-6525.594,1087.325,SW2
1415,5654772.964,-6527.589,1087.378,SW2
1416,5654772.525,-6528.510,1087.397,SW2
1417,5654772.066,-6529.209,1087.397,SW2
1418,5654770.796,-6530.710,1087.408,SW2
1419,5654769.993,-6531.424,1087.417,SW2
1420,5654768.889,-6532.199,1087.400,SW2
1421,5654767.855,-6532.724,1087.381,SW2
1422,5654766.320,-6533.221,1087.357,SW2
1423,5654759.744,-6534.062,1087.258,SW2 E
1424,5654798.501,-6527.081,1087.576,SW3 B
1425,5654795.548,-6527.276,1087.433,SW3 E
1426,5654621.520,-6508.171,1084.101,SW1 B
1427,5654625.177,-6506.664,1084.274,SW1
1428,5654626.271,-6506.342,1084.317,SW1
1429,5654629.619,-6505.922,1084.492,SW1
1430,5654631.108,-6505.901,1084.503,SW1
1431,5654632.454,-6506.058,1084.564,SW1
1432,5654635.058,-6506.658,1084.744,SW1
1433,5654636.316,-6507.125,1084.799,SW1
1434,5654642.905,-6511.769,1085.055,SW1 E
1435,5654646.247,-6514.192,1085.121,SW2 B
1436,5654653.717,-6519.211,1085.308,SW2 E
1437,5654798.732,-6523.692,1087.746,SW3 B
1438,5654796.843,-6524.009,1087.686,SW3
1439,5654794.909,-6524.190,1087.657,SW3
1440,5654793.690,-6524.156,1087.630,SW3
1441,5654792.800,-6523.942,1087.581,SW3
1442,5654791.092,-6523.210,1087.490,SW3
1443,5654789.611,-6522.274,1087.356,SW3
1444,5654788.420,-6521.187,1087.229,SW3
1445,5654787.562,-6520.039,1087.146,SW3
1446,5654787.059,-6518.757,1087.083,SW3
1447,5654786.808,-6516.902,1087.001,SW3
1448,5654786.759,-6514.531,1086.938,SW3
1449,5654786.887,-6511.297,1086.856,SW3
1450,5654786.844,-6508.223,1086.766,SW3
1451,5654786.310,-6500.355,1086.482,SW3 E
1452,5654785.381,-6492.894,1086.220,SW1 B
1453,5654784.845,-6487.539,1086.035,SW1
1454,5654784.483,-6484.854,1085.946,SW1
1455,5654783.496,-6479.808,1085.728,SW1
1456,5654782.498,-6474.774,1085.546,SW1
1457,5654781.480,-6470.562,1085.385,SW1
1458,5654779.725,-6464.565,1085.145,SW1
1459,5654778.531,-6460.832,1084.999,SW2 B
1460,5654777.656,-6458.559,1084.901,SW2 E
1461,5654776.177,-6454.929,1084.769,SW3 B
1462,5654775.039,-6452.254,1084.655,SW3
1463,5654771.440,-6444.487,1084.383,SW3
1464,5654767.838,-6436.720,1084.029,SW3
1465,5654764.241,-6428.952,1083.732,SW3
1466,5654760.642,-6421.187,1083.411,SW3
1467,5654757.698,-6415.037,1083.203,SW3
1468,5654754.757,-6408.884,1082.893,SW3
1469,5654754.103,-6407.018,1082.824,SW3
1470,5654753.674,-6404.913,1082.766,SW3
1471,5654753.622,-6403.088,1082.724,SW3
1472,5654753.720,-6402.105,1082.690,SW3
1473,5654753.918,-6401.162,1082.680,SW3
1474,5654754.518,-6399.682,1082.628,SW3
1475,5654755.083,-6398.842,1082.577,SW3
1476,5654756.314,-6397.681,1082.615,SW3
1477,5654758.473,-6396.135,1082.629,SW3
1478,5654760.248,-6395.089,1082.616,SW3 E
1479,5654791.893,-6525.024,1087.374,SW1 B
1480,5654790.815,-6526.534,1087.356,SW1
1481,5654790.118,-6526.238,1087.336,SW1
1482,5654788.849,-6525.519,1087.288,SW1
1483,5654787.356,-6524.389,1087.212,SW1
1484,5654786.043,-6523.056,1087.107,SW1
1485,5654785.079,-6521.690,1087.020,SW1
1486,5654784.356,-6520.126,1086.934,SW1
1487,5654783.966,-6518.568,1086.857,SW1
1488,5654783.718,-6516.437,1086.750,SW1
1489,5654783.648,-6514.185,1086.701,SW1
1490,5654783.778,-6510.871,1086.591,SW1
1491,5654783.784,-6507.507,1086.452,SW1
1492,5654783.695,-6505.738,1086.416,SW1
1493,5654783.344,-6502.252,1086.321,SW1 E
1494,5654782.709,-6493.841,1086.020,SW2 B
1495,5654781.612,-6486.914,1085.703,SW2
1496,5654780.512,-6479.993,1085.451,SW2
1497,5654779.294,-6475.104,1085.236,SW2 E
1498,5654614.269,-6498.565,1084.068,SW3 B
1499,5654613.729,-6499.543,1084.057,SW3
1500,5654612.162,-6500.772,1083.929,SW3
1501,5654610.346,-6501.985,1083.754,SW3 E
1502,5654625.403,-6417.319,1080.312,SW1 B
1503,5654625.593,-6418.488,1080.419,SW1
1504,5654625.574,-6419.946,1080.529,SW1
1505,5654625.317,-6422.074,1080.651,SW1
1506,5654624.967,-6423.571,1080.658,SW1
1507,5654622.992,-6427.634,1080.925,SW1
1508,5654620.716,-6431.645,1081.135,SW1
1509,5654619.385,-6434.761,1081.337,SW1
1510,5654617.250,-6438.734,1081.820,SW1 E
1511,5654613.327,-6449.105,1082.371,SW2 B
1512,5654612.375,-6452.243,1082.710,SW2
1513,5654611.966,-6453.889,1082.815,SW2
1514,5654611.338,-6457.798,1083.049,SW2
1515,5654610.897,-6462.285,1083.359,SW2
1516,5654610.745,-6464.920,1083.513,SW2
1517,5654610.666,-6471.683,1083.926,SW2
1518,5654610.832,-6474.690,1083.960,SW2
1519,5654611.277,-6478.431,1084.245,SW2
1520,5654612.350,-6484.340,1084.362,SW2
1521,5654613.408,-6490.244,1084.501,SW2
1522,5654613.494,-6491.794,1084.461,SW2
1523,5654613.464,-6493.029,1084.436,SW2
1524,5654613.110,-6494.762,1084.385,SW2
1525,5654612.765,-6495.663,1084.354,SW2
1526,5654612.275,-6496.558,1084.308,SW2
1527,5654610.965,-6497.983,1084.172,SW2
1528,5654608.390,-6499.724,1083.930,SW2 E
1529,5654660.043,-6510.195,1085.280,SW3 B
1530,5654654.058,-6505.978,1085.119,SW3
1531,5654647.532,-6501.119,1084.951,SW3
1532,5654641.008,-6496.249,1084.740,SW3
1533,5654638.938,-6494.667,1084.675,SW3
1534,5654637.208,-6493.190,1084.577,SW3 E
1535,5654628.146,-6415.750,1079.974,SW1 B
1536,5654628.594,-6417.536,1080.086,SW1
1537,5654628.786,-6419.266,1080.223,SW1
1538,5654628.777,-6420.604,1080.288,SW1
1539,5654628.641,-6422.324,1080.381,SW1
1540,5654628.253,-6424.387,1080.553,SW1
1541,5654626.143,-6428.724,1080.855,SW1
1542,5654622.266,-6435.328,1081.412,SW1
1543,5654620.159,-6439.724,1081.624,SW1
1544,5654618.346,-6443.792,1081.878,SW1
1545,5654616.853,-6447.598,1082.081,SW1
1546,5654615.942,-6450.358,1082.346,SW1
1547,5654615.446,-6452.374,1082.594,SW1
1548,5654614.670,-6456.375,1082.736,SW1
1549,5654614.156,-6460.578,1083.087,SW1
1550,5654613.885,-6464.111,1083.201,SW1
1551,5654613.621,-6469.953,1083.638,SW1
1552,5654613.613,-6472.682,1083.861,SW1
1553,5654613.979,-6476.082,1083.849,SW1
1554,5654614.702,-6480.455,1084.049,SW1
1555,5654615.221,-6483.267,1084.134,SW1
1556,5654615.808,-6485.540,1084.289,SW1
1557,5654616.103,-6487.023,1084.370,SW1
1558,5654616.407,-6489.791,1084.381,SW1
1559,5654616.478,-6492.465,1084.308,SW1
1560,5654616.377,-6493.978,1084.296,SW1
1561,5654616.077,-6494.773,1084.286,SW1
1562,5654614.208,-6495.400,1084.227,SW1
1563,5654614.431,-6494.821,1084.289,SW1 E
1564,5654635.155,-6491.267,1084.510,SW2
1565,5654629.601,-6485.977,1084.289,SW2
1566,5654627.323,-6483.402,1084.153,SW2
1567,5654626.445,-6482.184,1084.125,SW2
1568,5654625.797,-6481.094,1084.077,SW2
1569,5654625.122,-6479.763,1084.003,SW2
1570,5654624.576,-6478.382,1083.896,SW2
1571,5654624.303,-6477.226,1083.821,SW2
1572,5654623.770,-6473.578,1083.600,SW2
1573,5654623.684,-6467.550,1083.227,SW2
1574,5654623.770,-6465.630,1083.073,SW2
1575,5654624.234,-6460.576,1082.740,SW2
1576,5654624.644,-6458.083,1082.583,SW2
1577,5654625.583,-6454.290,1082.312,SW2
1578,5654626.472,-6451.302,1082.116,SW2
1579,5654627.654,-6448.124,1081.896,SW2
1580,5654628.840,-6445.480,1081.698,SW2
1581,5654632.309,-6438.799,1081.189,SW2
1582,5654635.781,-6432.123,1080.830,SW2
1583,5654636.875,-6430.234,1080.761,SW2
1584,5654639.199,-6426.572,1080.641,SW2
1585,5654641.574,-6422.520,1080.561,SW2
1586,5654643.947,-6418.967,1080.529,SW2
1587,5654644.902,-6417.791,1080.545,SW2
1588,5654646.102,-6416.543,1080.588,SW2
1589,5654647.683,-6415.278,1080.600,SW2
1590,5654649.402,-6414.146,1080.647,SW2
1591,5654650.907,-6413.405,1080.685,SW2
1592,5654652.485,-6412.893,1080.688,SW2
1593,5654653.136,-6412.780,1080.696,SW2
1594,5654655.161,-6412.704,1080.752,SW2
1595,5654663.611,-6413.104,1080.993,SW2
1596,5654670.051,-6413.272,1081.129,SW2
1597,5654677.011,-6412.914,1081.247,SW2
1598,5654683.964,-6412.568,1081.365,SW2
1599,5654689.043,-6412.093,1081.443,SW2
1600,5654694.120,-6411.618,1081.553,SW2
1601,5654696.565,-6411.304,1081.596,SW2
1602,5654705.940,-6409.673,1081.754,SW2
1603,5654712.259,-6408.406,1081.858,SW2
1604,5654718.587,-6407.152,1081.987,SW2
1605,5654721.026,-6406.902,1081.989,SW2
1606,5654727.747,-6406.586,1082.131,SW2
1607,5654732.208,-6406.541,1082.202,SW2
1608,5654734.625,-6406.859,1082.225,SW2
1609,5654735.384,-6407.073,1082.192,SW2
1610,5654737.020,-6407.745,1082.309,SW2
1611,5654738.601,-6408.615,1082.381,SW2
1612,5654739.945,-6409.794,1082.447,SW2
1613,5654741.406,-6411.571,1082.577,SW2
1614,5654742.638,-6413.645,1082.690,SW2
1615,5654745.934,-6420.920,1082.992,SW2
1616,5654749.391,-6428.324,1083.248,SW2
1617,5654752.850,-6435.739,1083.556,SW2
1618,5654756.304,-6443.150,1083.817,SW2
1619,5654759.767,-6450.563,1084.156,SW2
1620,5654763.228,-6457.973,1084.480,SW2
1621,5654764.608,-6461.205,1084.636,SW2
1622,5654766.232,-6465.598,1084.856,SW2 E
1623,5654777.433,-6468.409,1084.972,SW3 B
1624,5654776.860,-6466.223,1084.867,SW3 E
1625,5654775.377,-6461.613,1084.701,SW1 B
1626,5654774.749,-6459.806,1084.608,SW1 E
1627,5654773.084,-6455.414,1084.497,SW2 B
1628,5654769.900,-6448.393,1084.174,SW2
1629,5654766.718,-6441.368,1083.862,SW2 E
1630,5654764.467,-6436.546,1083.728,SW3
1631,5654760.289,-6427.992,1083.334,SW3
1632,5654757.813,-6422.550,1083.110,SW3
1633,5654755.326,-6417.116,1082.910,SW3
1634,5654751.338,-6408.789,1082.621,SW3
1635,5654750.932,-6407.717,1082.611,SW3
1636,5654750.497,-6405.924,1082.572,SW3
1637,5654750.381,-6404.579,1082.561,SW3
1638,5654750.496,-6402.015,1082.530,SWW3
1639,5654750.759,-6400.530,1082.530,SW3
1640,5654751.013,-6399.698,1082.545,SW3
1641,5654751.677,-6398.106,1082.515,SW3
1642,5654753.260,-6399.022,1082.527,SW3 E
1643,5654620.265,-6409.443,1079.810,SW1 B
1644,5654621.521,-6410.602,1079.839,SW1
1645,5654622.700,-6412.120,1079.913,SW1
1646,5654624.868,-6415.844,1080.226,SW1
1647,5654625.269,-6416.865,1080.291,SW1 E
1648,5654621.788,-6407.067,1079.508,SW2 B
1649,5654623.033,-6408.115,1079.571,SW2
1650,5654626.021,-6411.215,1079.661,SW2
1651,5654626.921,-6412.673,1079.737,SW2
1652,5654627.790,-6414.669,1079.916,SW2 E
1653,5654748.829,-6385.708,1082.613,SW3 B
1654,5654746.345,-6386.860,1082.633,SW3
1655,5654739.898,-6389.473,1082.562,SW3
1656,5654735.185,-6391.490,1082.492,SW3
1657,5654731.201,-6392.875,1082.390,SW3
1658,5654726.425,-6394.393,1082.433,SW3
1659,5654721.629,-6395.911,1082.299,SW3
1660,5654713.795,-6397.764,1082.168,SW3
1661,5654706.570,-6399.376,1082.024,SW3
1662,5654700.069,-6400.460,1081.958,SW3
1663,5654693.562,-6401.548,1081.881,SW3
1664,5654689.404,-6402.148,1081.653,SW3
1665,5654681.314,-6402.712,1081.577,SW3
1666,5654674.388,-6402.949,1081.365,SW3
1667,5654668.833,-6402.956,1081.176,SW3
1668,5654663.283,-6402.966,1081.209,SW3
1669,5654658.921,-6402.842,1081.007,SW3
1670,5654655.815,-6402.543,1080.923,SW3
1671,5654648.832,-6401.599,1080.672,SW3
1672,5654641.845,-6400.648,1080.466,SW3
1673,5654634.559,-6399.219,1080.091,SW3
1674,5654629.420,-6397.940,1079.855,SW3 E
1675,5654754.523,-6395.070,1082.462,SW1 B
1676,5654756.571,-6393.462,1082.432,SW1
1677,5654758.016,-6392.557,1082.389,SW1 E
1678,5654744.968,-6383.986,1082.796,SW2 B
1679,5654737.253,-6387.243,1082.719,SW2
1680,5654732.722,-6388.941,1082.558,SW2 E
1681,5654729.512,-6390.084,1082.583,SW3 B
1682,5654724.758,-6391.745,1082.597,SW3
1683,5654721.558,-6392.754,1082.508,SW3
1684,5654717.329,-6393.850,1082.391,SW3
1685,5654712.712,-6394.873,1082.231,SW3 E
1686,5654709.081,-6395.639,1082.190,SW1 B
1687,5654705.097,-6396.513,1082.098,SW1
1688,5654701.263,-6397.225,1082.002,SW1
1689,5654694.693,-6398.274,1081.929,SW1
1690,5654688.558,-6399.025,1081.745,SW1 E
1691,5654684.884,-6399.346,1081.683,SW2 B
1692,5654676.017,-6399.886,1081.461,SW2
1693,5654669.598,-6399.925,1081.450,SW2 E
1694,5654665.729,-6399.837,1081.308,SW3 B
1695,5654659.266,-6399.437,1081.211,SW3
1696,5654652.802,-6399.042,1080.965,SW3
1697,5654650.177,-6398.794,1080.883,SW3
1698,5654647.300,-6398.379,1080.705,SW3 E
1699,5654643.972,-6397.816,1080.630,SW1 B
1700,5654638.013,-6396.696,1080.382,SW1
1701,5654632.533,-6395.405,1080.094,SW1 E
1702,5654642.963,-6512.175,1085.078,DW1 B CONC
1703,5654640.686,-6515.020,1085.789,DW1 E
1704,5654643.483,-6517.075,1085.596,DW2 B CONC
1705,5654645.813,-6514.245,1085.151,DW2 E
1706,5654653.800,-6519.631,1085.326,DW3 B CONC
1707,5654651.634,-6522.871,1085.634,DW3 E
1708,5654658.714,-6527.357,1085.294,DW1 B CONC
1709,5654661.142,-6524.276,1085.477,DW1 E
1710,5654662.311,-6524.949,1085.455,DW2 B CONC
1711,5654660.329,-6528.326,1085.685,DW2 E
1712,5654665.716,-6531.299,1085.687,DW3 B CONC
1713,5654668.008,-6528.085,1085.582,DW3 E
1714,5654687.226,-6541.000,1086.012,DW1 B CONC
1715,5654687.315,-6540.266,1086.020,DW1
1716,5654687.820,-6538.780,1086.006,DW1
1717,5654688.528,-6537.114,1085.903,DW1 E
1718,5654683.293,-6535.101,1085.849,DW2 B CONC
1719,5654682.197,-6537.216,1085.903,DW2
1720,5654683.449,-6539.585,1086.038,DW2 E
1721,5654720.478,-6549.204,1086.606,DW3 B CONC
1722,5654720.377,-6544.912,1086.493,DW3 E
1723,5654715.744,-6544.168,1086.454,DW1 B CONC
1724,5654715.799,-6548.484,1086.639,DW1 E
1725,5654763.730,-6547.336,1087.437,DW2 B CONC
1726,5654763.627,-6545.394,1087.284,DW2 E
1727,5654760.838,-6545.629,1087.209,DW3 B CONC
1728,5654760.870,-6549.838,1087.752,DW3 E
1729,5654763.730,-6549.476,1087.690,DW1 B CONC
1730,5654763.721,-6547.336,1087.431,DW1 E
1731,5654777.044,-6465.739,1084.861,DW2 B CONC
1732,5654778.062,-6464.967,1085.025,DW2 E
1733,5654777.030,-6461.667,1084.902,DW3 B CONC
1734,5654775.775,-6461.850,1084.748,DW3 E
1735,5654783.604,-6501.715,1086.308,DW1 B CONC
1736,5654784.831,-6500.665,1086.426,DW1 E
1737,5654784.129,-6494.421,1086.285,DW2 B CONC
1738,5654783.064,-6494.202,1086.091,DW2 E
1739,5654788.405,-6492.276,1086.663,DW3 B CONC
1740,5654785.712,-6493.114,1086.256,DW3 E
1741,5654786.570,-6499.960,1086.494,DW1 B CONC
1742,5654788.014,-6499.494,1086.519,DW1
1743,5654788.484,-6500.653,1086.641,DW1
1744,5654789.220,-6500.361,1086.621,DW1 E
1745,5654766.826,-6440.869,1083.867,DW2 B CONC
1746,5654767.621,-6440.105,1084.039,DW2 E
1747,5654765.679,-6435.995,1083.888,DW3 B CONC
1748,5654764.851,-6436.628,1083.765,DW3 E
1749,5654774.933,-6459.384,1084.624,DW1 B CONC
1750,5654776.024,-6458.856,1084.787,DW1 E
1751,5654774.832,-6455.693,1084.747,DW2 B CONC
1752,5654773.553,-6455.688,1084.582,DW2 E
1753,5654780.771,-6460.364,1085.575,DW3 B CONC
1754,5654778.915,-6461.015,1085.041,DW3 E
1755,5654779.920,-6464.173,1085.127,DW1 B CONC
1756,5654781.834,-6463.492,1085.179,DW1 E
1757,5654778.546,-6454.573,1085.252,DW2 B CONC
1758,5654776.584,-6455.122,1084.870,DW2 E
1759,5654777.830,-6458.181,1084.910,DW3 B CONC
1760,5654779.681,-6457.512,1084.981,DW3 E
1761,5654618.136,-6439.846,1081.772,SLAB1 B
1762,5654614.883,-6448.013,1082.268,SLAB1
1763,5654616.684,-6448.090,1082.122,SLAB1
1764,5654620.116,-6439.830,1081.637,SLAB1 CLS
1765,5654739.616,-6475.209,1084.231,SLAB2 B
1766,5654737.915,-6474.584,1084.186,SLAB2
1767,5654737.325,-6476.156,1084.271,SLAB2
1768,5654739.029,-6476.783,1084.311,SLAB2 CLS
1769,5654684.451,-6402.512,1081.607,SLAB3 B
1770,5654688.743,-6402.210,1081.624,SLAB3
1771,5654690.616,-6401.987,1081.788,SLAB3
1772,5654688.285,-6400.360,1081.701,SLAB3
1773,5654685.095,-6400.698,1081.605,SLAB3 CLS
1774,5654755.515,-6508.553,1086.046,BLDG1 B UTIL
1775,5654753.211,-6506.375,1085.950,BLDG1
1776,5654749.786,-6510.005,1086.058,BLDG1
1777,5654752.085,-6512.193,1086.194,BLDG1 CLS
1778,5654635.928,-6450.698,1082.235,TREE 5 11 QUEMAC F
1779,5654729.023,-6436.074,1083.322,TREE 25 13 ULMAME F
1780,5654638.046,-6437.510,1081.381,TREE 3 9 MALADS F
1781,5654770.928,-6509.041,1086.664,TREE 3 1 MALADS F
1782,5654770.075,-6502.444,1086.432,TREE 5 1 MALADS F
1783,5654747.860,-6441.728,1083.611,TREE 31 10 PRUPAD P
1784,5654751.556,-6531.768,1088.859,TREE 4 13 MALADS F
1785,5654752.348,-6488.869,1085.225,TREE 4 2 PRUCER P
1786,5654752.526,-6488.609,1085.207,TREE 5 2 PRUCER G
1787,5654733.564,-6521.130,1086.217,TREE 5 9 PRUCER G
1788,5654696.498,-6542.211,1086.229,CON 5 5 PICPUN F
1789,5654758.121,-6531.763,1087.184,TREE 5 1 MALSPP F
1790,5654662.035,-6416.665,1081.253,TREE 2 13 MALSPP P
1791,5654718.705,-6459.595,1083.645,TREE 8 5 MALSPP F
1792,5654662.325,-6429.143,1081.721,TREE 7 11 PRUVIR G
1793,5654723.932,-6445.492,1083.376,TREE 6 12 PRUVIR G
1794,5654684.684,-6473.753,1083.676,TREE 13 4 PRUVIR F
1795,5654687.174,-6469.029,1083.796,TREE 17 5 PRUVIR X
1796,5654681.080,-6492.488,1084.350,TREE 13 5 PRUVIR F
1797,5654696.780,-6477.905,1084.101,TREE 13 11 PRUVIR F
1798,5654683.051,-6445.546,1082.640,TREE 32 9 PRUVIR F
1799,5654736.108,-6514.953,1086.099,TREE 4 13 MALSPP G
1800,5654748.422,-6482.276,1084.914,TREE 8 6 MALADS G
1801,5654668.289,-6417.478,1081.392,TREE 4 1 MALSPP F
1802,5654752.324,-6406.243,1082.746,TREE 8 8 LONSPP F
1803,5654721.511,-6396.283,1082.272,TREE 62 7 ULMAME F
1804,5654683.264,-6483.996,1084.158,TREE 9 2 COTSPP F
1805,5654667.066,-6491.007,1084.309,CON 86 11 PICPUN F
1806,5654637.263,-6456.041,1082.611,CON 35 8 PICGLA F
1807,5654673.920,-6421.350,1081.549,TREE 10 7 COTSPP F
1808,5654651.932,-6488.570,1084.294,CON 38 8 PICPUN F
1809,5654654.005,-6422.007,1081.344,TREE 59 13 FRAPEN F
1810,5654629.925,-6480.118,1084.133,TREE 6 12 SYRRET F
1811,5654692.652,-6418.801,1082.040,TREE 62 10 ULMAME F
1812,5654714.722,-6431.365,1083.151,TREE 26 6 SORAME F
1813,5654679.852,-6420.781,1081.700,CON 49 6 PICGLA F NW
1814,5654664.700,-6466.180,1083.218,CON 59 3 PICGLA F
1815,5654723.160,-6412.230,1082.359,TREE 5 10 SYRRET F
1816,5654740.262,-6450.386,1083.576,TREE 41 8 ULMAME F
1817,5654767.250,-6439.847,1083.991,TREE 39 7 FRAPEN F
1818,5654641.097,-6433.128,1081.336,TREE 3 9 SYRRET F
1819,5654613.500,-6471.191,1083.869,TREE 81 15 ULMAME F
1820,5654615.205,-6454.260,1082.883,TREE 77 14 ULMAME F
1821,5654685.122,-6486.392,1084.245,TREE 10 2 COTSPP F
1822,5654783.510,-6488.938,1085.992,TREE 9 6 LONSPP F
1823,5654748.091,-6386.165,1082.666,TREE 10 6 LONSPP F
1824,5654729.972,-6414.130,1082.713,CON 4 5 PICGLA F
1825,5654704.902,-6483.947,1084.385,CON 41 4 PICGLA F
1826,5654696.612,-6450.730,1083.177,TRE 31 8 FRAPEN F
1827,5654755.286,-6483.906,1085.210,TREE 41 6 FRAPEN F
1828,5654651.514,-6402.118,1080.796,TREE 11 6 COTSPP F
1829,5654632.656,-6462.839,1083.152,TREE 5 1 QUEMAC F
1830,5654756.609,-6464.528,1084.511,CON 50 6 PICGLA F
1831,5654628.545,-6472.713,1083.861,TREE 4 12 SYRRET F
1832,5654686.074,-6402.571,1081.559,TREE 10 7 COTSPP P
1833,5654654.721,-6402.400,1080.911,TREE 36 5 ULMAME F
1834,5654760.191,-6481.213,1085.244,CON 49 6 PICGLA F
1835,5654692.301,-6401.553,1081.898,TREE 92 13 ULMAME F
1836,5654744.835,-6427.545,1083.279,TREE 4 2 SYRRET F
1837,5654787.362,-6494.737,1086.381,CON 8 11 JUNSPP F
1838,5654750.383,-6447.082,1083.818,TREE 30 8 FRAPEN F
1839,5654624.308,-6432.587,1081.149,TREE 10 16 COTSPP F
1840,5654752.497,-6459.747,1084.184,CON 40 13 PICPUN F
1841,5654780.899,-6476.415,1085.546,TREE 53 9 FRAPEN F
1842,5654644.499,-6492.126,1084.613,TREE 63 11 ULMAME F
1843,5654758.748,-6423.127,1083.245,TREE 12 8 LONSPP F
1844,5654750.177,-6478.448,1084.768,TREE 35 6 FRAPEN F
1845,5654671.927,-6430.147,1081.857,TREE 8 3 QUEMAC F
1846,5654716.737,-6397.310,1082.194,TREE 10 10 COTSPP F
1847,5654728.072,-6488.133,1085.025,TREE 9 3 CARARB F
1848,5654731.685,-6423.580,1083.348,TREE 40 11 ULMAME F
1849,5654752.559,-6483.753,1085.114,TREE 39 5 FRAPEN F
1850,5654719.750,-6483.206,1084.657,TREE 11 5 SYRSPP F
1851,5654638.858,-6400.001,1080.303,TREE 11 6 CARARB F
1852,5654739.206,-6389.644,1082.575,TREE 12 4 LONSPP F
1853,5654743.122,-6492.077,1085.357,CON 52 12 PICGLA F
1854,5654737.515,-6390.241,1082.552,TREE 40 4 FRAPEN F
1855,5654641.702,-6400.636,1080.451,TREE 66 6 ULMAME F
1856,5654689.770,-6441.409,1082.710,CON 60 16 PICPUN F
1857,5654662.461,-6402.587,1081.250,TREE 11 10 CARARB F
1858,5654772.104,-6450.641,1084.555,TREE 46 16 FRAPEN F
1859,5654614.248,-6480.277,1084.212,TREE 38 13 ULMAME F
1860,5654768.699,-6443.213,1084.334,TREE 9 7 LONSPP F
1861,5654753.326,-6452.502,1084.154,CON 45 7 PICGLA F
1862,5654754.866,-6480.710,1084.973,TREE 34 5 FRAPEN P
1863,5654718.143,-6417.567,1082.686,CON 47 9 PICGLA F
1864,5654695.805,-6483.141,1084.186,TREE 24 6 PRUMAA F
1865,5654752.088,-6481.230,1084.915,TREE 29 3 FRAPEN F
1866,5654651.993,-6456.986,1082.847,TREE 75 5 POPSPP F
1867,5654708.695,-6398.827,1082.088,TREE 43 16 ULMAME F
1868,5654695.482,-6489.367,1084.351,CON 33 7 PINCON F
1869,5654755.394,-6414.408,1082.978,TREE 10 9 LONSPP F
1870,5654635.802,-6399.193,1080.221,TREE 56 6 ULMAME F
1871,5654782.801,-6485.815,1085.907,TREE 59 6 FRAPEN F
1872,5654724.958,-6484.006,1084.715,TREE 18 5 QUEMAC F
1873,5654641.262,-6475.558,1083.901,TREE 85 14 POPSPP F
1874,5654744.470,-6426.704,1083.299,TREE 10 2 SYRSPP F
1875,5654628.799,-6466.246,1083.372,TREE 7 10 QUEMAC P
1876,5654738.241,-6443.815,1083.633,TREE 60 7 ULMAME F
1877,5654677.756,-6402.927,1081.464,TREE 10 10 COTSPP G
1878,5654753.393,-6478.460,1084.919,TREE 47 5 FRAPEN F
1879,5654674.977,-6431.386,1081.943,TREE 8 7 QUEMAC F
1880,5654734.137,-6450.703,1083.687,TREE 47 10 ULMAME F
1881,5654661.446,-6437.206,1082.037,TREE 49 5 FRAPEN F
1882,5654648.538,-6495.687,1084.802,TREE 8 7 SYRRET F
1883,5654742.656,-6387.295,1082.594,TREE 39 8 FRAPEN F
1884,5654728.680,-6394.128,1082.361,TREE 71 7 ULMAME F
1885,5654728.071,-6412.220,1082.488,TREE 4 5 SYRRET F
1886,5654648.676,-6444.514,1082.000,TREE 26 11 PRUMAA P
1887,5654724.845,-6395.016,1082.387,TREE 10 7 COTSPP F
1888,5654731.903,-6393.071,1082.322,TREE 8 7 COTSPP F
1889,5654613.869,-6461.351,1083.196,TREE 47 12 ULMAME F
1890,5654741.741,-6430.347,1083.432,TREE 44 8 ACENEG F
1891,5654737.753,-6447.278,1083.499,TREE 26 6 ULMAME F
1892,5654682.140,-6464.549,1083.591,TREE 15 2 FRAPEN F
1893,5654670.409,-6479.479,1083.773,CON 29 11 PICPUN F
1894,5654669.148,-6403.381,1081.152,TREE 70 7 ULMAME F
1895,5654706.527,-6482.687,1084.439,CON 58 4 PICPUN F
1896,5654628.082,-6425.582,1080.533,TREE 10 16 COTSPP F
1897,5654675.310,-6466.599,1083.418,TREE 7 9 FRAPEN F
1898,5654686.913,-6483.985,1084.198,TREE 9.5 2 COTSPP F
1899,5654753.771,-6410.035,1082.938,TREE 46 8 FRAPEN F
1900,5654743.651,-6424.887,1083.287,TREE 10 2 SYRSPP F
1901,5654616.008,-6490.021,1084.454,TREE 82 13 ULMAME F
1902,5654672.525,-6403.411,1081.298,TREE 8 7 CARARB G
1903,5654674.251,-6475.498,1083.700,CON 28 6 PICGLA F
1904,5654765.954,-6434.577,1083.913,TREE 40 11 FRAPEN F
1905,5654675.522,-6482.888,1083.934,TREE 19 6 PRUMAA F
1906,5654744.193,-6425.801,1083.284,TREE 11 2 SYRSPP F
1907,5654741.798,-6444.718,1083.620,TREE 51 7 ULMAME F
1908,5654756.336,-6396.576,1082.561,TREE 11 7 COTSPP F
1909,5654673.655,-6426.832,1081.725,TREE 13 3 QUEMAC F
1910,5654778.583,-6467.418,1085.170,TREE 37 9 FRAPEN F
1911,5654685.999,-6481.182,1084.076,TREE 8 2 COTSPP F
1912,5654683.059,-6479.984,1084.018,TREE 11 2 COTSPP F
1913,5654631.805,-6398.425,1079.995,TREE 11 8 CARARB G
1914,5654657.197,-6402.321,1081.013,TREE 35 5 ULMAME F
1915,5654652.625,-6454.792,1082.609,TREE 86 5 POPSPP P
1916,5654759.216,-6394.930,1082.608,TREE 38 7 FRAPEN F
1917,5654700.199,-6400.470,1081.979,TREE 61 10 ULMAME F
1918,5654682.604,-6402.666,1081.569,TREE 8 7 FRAPEN F
1919,5654724.269,-6429.066,1083.300,TREE 11 10 COTSPP F
1920,5654709.145,-6442.772,1083.435,CON 55 8 PICGLA F
1921,5654722.409,-6435.267,1083.218,TREE 19 5 FRAPEN F
1922,5654665.542,-6464.997,1083.235,CON 51 3 PICGLA F
1923,5654661.076,-6463.997,1083.195,CON 52 8 PICGLA F
1924,5654705.995,-6417.903,1082.381,CON 68 10 PICGLA F
1925,5654752.399,-6402.130,1082.668,TREE 11 8 LONSPP F
1926,5654646.731,-6455.457,1082.580,TREE 63 11 POPSPP F
1927,5654649.212,-6436.281,1081.635,TREE 22 8 POPSPP F
1928,5654679.693,-6429.495,1082.014,TREE 10 10 ULMAME F
1929,5654690.263,-6495.849,1084.639,TREE 13 6 PRUMAA F
1930,5654757.101,-6419.326,1083.156,TREE 38 8 FRAPEN F
1931,5654743.089,-6423.890,1083.249,TREE 4 2 SYRRET F
1932,5654651.170,-6519.115,1086.019,CON 11 4 JUNSPP F
1933,5654655.017,-6496.770,1084.784,TREE 40 7 FRAPEN F
1934,5654788.131,-6500.281,1086.543,CON 9 10 JUNSPP F
1935,5654784.997,-6503.986,1086.697,TREE 58 10 FRAPEN F
1936,5654731.615,-6497.657,1085.373,TREE 9 6 LONSPP F
1937,5654664.950,-6504.647,1085.243,CON 54 9 PICGLA F
1938,5654722.052,-6504.679,1085.426,TREE 29 6 FRAPEN F
1939,5654753.398,-6501.845,1085.696,TREE 34 8 FRAPEN F
1940,5654693.617,-6496.877,1084.745,CON 13 4 PICGLA F
1941,5654770.125,-6501.742,1086.447,CON 10 2 JUNSPP F
1942,5654785.606,-6519.279,1087.180,TREE 56 10 FRAPEN F
1943,5654757.263,-6500.196,1085.664,CON 43 8 PICGLA F
1944,5654692.729,-6511.618,1085.161,CON 29 3 PICGLA F
1945,5654693.570,-6541.261,1086.192,TREE 16 6 SORAUC G
1946,5654713.856,-6546.202,1086.480,TREE 7 7 MALSPP F
1947,5654716.654,-6503.479,1085.352,TREE 38 6 FRAPEN F
1948,5654721.274,-6500.653,1085.327,TREE 30 6 FRAPEN F
1949,5654707.722,-6499.246,1085.070,TREE 57 11 ULMAME F
1950,5654718.068,-6500.823,1085.264,TREE 30 6 FRAPEN F
1951,5654651.169,-6517.116,1085.244,TREE 8 4 CORSPP F
1952,5654651.172,-6521.112,1085.998,CON 12 4 JUNSPP F
1953,5654770.919,-6509.979,1086.697,CON 9 2 JUNSPP F
1954,5654698.998,-6542.661,1086.246,CON 10 4 JUNSPP F
1955,5654767.817,-6547.802,1087.716,TREE 11 23 COTSPP F
1956,5654770.959,-6508.028,1086.687,TREE 10 2 CORSPP F
1957,5654719.842,-6548.725,1086.586,TREE 5 13 MALSPP F
1958,5654651.178,-6503.110,1085.047,TREE 8 2 SPISPP F
1959,5654611.300,-6497.779,1084.201,TREE 21 9 ULMAME F
1960,5654694.843,-6510.623,1085.109,CON 45 5 PICGLA F
1961,5654654.169,-6500.908,1085.038,TREE 6 4 SYRRET F
1962,5654631.324,-6509.667,1085.311,TREE 11 16 SYRSPP F
1963,5654651.171,-6501.117,1085.032,TREE 8 2 PRUCIS F
1964,5654772.079,-6506.788,1086.611,CON 11 3 JUNSPP F
1965,5654725.335,-6523.597,1086.073,TREE 67 11 ULMAME F
1966,5654693.963,-6508.154,1085.060,CON 38 5 PICGLA F
1967,5654691.056,-6506.893,1085.038,CON 44 4 PICGLA F
1968,5654653.445,-6521.698,1085.418,TREE 7 5 PRUSPP F
1969,5654719.152,-6505.867,1085.502,TREE 33 6 FRAPEN F
1970,5654723.797,-6501.943,1085.377,TREE 32 6 FRAPEN F
1971,5654757.057,-6513.031,1086.303,TREE 26 17 FRAPEN F
1972,5654766.624,-6517.297,1086.772,TREE 39 8 FRAPEN F
1973,5654736.222,-6497.250,1085.460,TREE 33 7 QUEMAC F
1974,5654798.413,-6527.420,1087.558,TREE 9 6 COTSPP F
1975,5654771.847,-6504.248,1086.464,CON 9 3 JUNSPP F
1976,5654711.706,-6520.800,1085.709,CON 39 15 PICGLA F
1977,5654737.566,-6525.434,1086.437,TREE 10 7 SYRSPP P
1978,5654770.757,-6506.330,1086.543,TREE 9 2 CORSPP F
1979,5654710.530,-6546.632,1086.522,TREE 3 7 MALSPP F
1980,5654690.780,-6509.072,1085.092,CON 40 4 PICGLA F
1981,5654651.163,-6499.117,1085.045,TREE 12 4 SPISPP F
1982,5654639.318,-6513.666,1085.706,TREE 9 4 CARARB F
1983,5654770.512,-6504.821,1086.474,TREE 11 2 CORSPP F
1984,5654770.412,-6503.562,1086.402,TREE 12 2 CORSPP F
1985,5654681.787,-6538.308,1086.030,TREE 10 18 LONSPP F
1986,5654701.261,-6542.443,1086.251,CON 3 4 PICGLA G
1987,5654639.323,-6511.668,1085.311,TREE 11 2 CARARB F
1988,5654752.610,-6404.679,1082.741,HYD
1989,5654613.106,-6490.792,1084.499,HYD
1990,5654752.092,-6399.186,1082.502,LP
1991,5654713.152,-6397.197,1082.134,LP
1992,5654614.980,-6485.712,1084.416,LP
1993,5654797.305,-6526.361,1087.534,LP
1994,5654675.170,-6531.676,1085.718,LP
1995,5654626.249,-6481.172,1084.117,LP
1996,5654625.401,-6428.201,1080.879,LP
1997,5654650.397,-6402.496,1080.741,LP
1998,5654753.271,-6411.577,1082.803,LP
1999,5654741.089,-6546.378,1086.869,LP
2000,5654781.017,-6481.158,1085.500,LP
2001,5654757.920,-6475.987,1084.804,BENCH
2002,5654673.866,-6502.583,1084.898,BENCH
1848,5654700.531,-6439.230,1082.994,BENCH
2004,5654770.350,-6529.439,1087.401,SIGN PARK_-_INFO
2005,5654785.149,-6549.371,1087.694,SIGN TRAFFIC
2006,5654785.155,-6549.374,1087.682,SIGN TRAFFIC
2007,5654784.713,-6515.438,1086.843,SIGN TRAFFIC
2008,5654785.151,-6549.369,1087.692,SIGN TRAFFIC
2009,5654610.237,-6500.636,1083.793,SIGN TRAFFIC
2010,5654627.075,-6421.679,1080.452,SIGN TRAFFIC
2011,5654627.083,-6421.680,1080.448,SIGN TRAFFIC
2012,5654742.314,-6414.299,1082.781,SIGN TRAFFIC
2013,5654627.731,-6483.365,1084.210,SIGN WOLFE_ST
2014,5654627.078,-6421.681,1080.448,SIGN TRAFFIC
2015,5654627.731,-6483.366,1084.199,SIGN CABOT_ST
2016,5654753.800,-6399.042,1082.549,SIGN TRAFFIC
2017,5654753.797,-6399.044,1082.538,SIGN QUEBEC_AVE
2018,5654612.559,-6480.193,1084.195,GS
2019,5654611.917,-6456.222,1082.943,GS
2020,5654621.611,-6439.337,1081.472,GS
2021,5654619.702,-6448.318,1082.052,GS
2022,5654618.731,-6455.738,1082.606,GS
2023,5654619.857,-6461.096,1083.033,GS
2024,5654621.591,-6470.537,1083.478,GS
2025,5654619.556,-6480.131,1083.991,GS
2026,5654618.730,-6488.083,1084.136,GS
2027,5654621.656,-6493.737,1084.332,GS
2028,5654618.505,-6501.364,1084.129,GS
2029,5654621.804,-6511.783,1085.641,GS
2030,5654626.656,-6510.584,1085.514,GS
2031,5654627.153,-6500.850,1084.469,GS
2032,5654628.510,-6495.862,1084.560,GS
2033,5654628.105,-6485.354,1084.144,GS
2034,5654626.753,-6480.011,1084.174,GS
2035,5654627.798,-6470.136,1083.712,GS
2036,5654628.813,-6461.006,1082.911,GS
2037,5654628.474,-6454.191,1082.489,GS
2038,5654628.301,-6439.338,1081.383,GS
2039,5654627.191,-6429.809,1080.700,GS
2040,5654628.251,-6405.703,1079.954,GS
2041,5654634.896,-6406.225,1080.260,GS
2042,5654634.623,-6414.052,1080.288,GS
2043,5654636.977,-6421.953,1080.591,GS
2044,5654635.612,-6430.508,1080.840,GS
2045,5654636.056,-6438.314,1081.320,GS
2046,5654635.324,-6446.497,1081.919,GS
2047,5654634.389,-6452.612,1082.437,GS
2048,5654637.708,-6461.425,1083.011,GS
2049,5654634.989,-6469.513,1083.621,GS
2050,5654635.879,-6479.537,1084.094,GS
2051,5654634.813,-6485.108,1084.335,GS
2052,5654635.469,-6494.689,1084.521,GS
2053,5654634.021,-6502.415,1084.669,GS
2054,5654637.520,-6511.174,1085.395,GS
2055,5654645.108,-6516.655,1085.782,GS
2056,5654645.656,-6501.202,1084.787,GS
2057,5654642.574,-6492.897,1084.599,GS
2058,5654644.138,-6487.295,1084.360,GS
2059,5654643.734,-6478.759,1083.963,GS
2060,5654644.781,-6468.457,1083.492,G
2061,5654645.539,-6463.748,1083.222,GS
2062,5654642.309,-6453.118,1082.360,GS
2063,5654643.583,-6444.983,1081.888,GS
2064,5654645.499,-6437.047,1081.602,GS
2065,5654645.206,-6430.760,1081.313,GS
2066,5654643.626,-6424.330,1080.885,GS
2067,5654645.710,-6407.881,1080.624,GS
2068,5654643.919,-6400.163,1080.511,GS
2069,5654650.103,-6406.430,1080.715,GS
2070,5654653.033,-6414.006,1080.739,GS
2071,5654651.546,-6422.964,1081.102,GS
2072,5654650.294,-6431.506,1081.464,GS
2073,5654653.407,-6438.358,1081.762,GS
2074,5654652.975,-6444.427,1082.039,GS
2075,5654651.029,-6454.511,1082.551,GS
2076,5654652.085,-6462.570,1083.064,GS
2077,5654650.385,-6469.985,1083.441,GS
2078,5654650.593,-6476.499,1083.778,GS
2079,5654652.163,-6485.106,1084.094,GS
2080,5654650.692,-6494.689,1084.721,GS
2081,5654652.939,-6502.138,1085.028,GS
2082,5654650.473,-6510.810,1085.130,GS
2083,5654660.605,-6525.188,1085.524,GS
2084,5654659.956,-6520.112,1085.352,GS
2085,5654659.208,-6508.958,1085.294,GS
2086,5654661.418,-6503.429,1085.212,GS
2087,5654658.174,-6494.604,1084.503,GS
2088,5654657.950,-6487.124,1084.137,GS
2089,5654658.561,-6479.281,1083.748,GS
2090,5654661.285,-6469.219,1083.432,GS
2091,5654658.494,-6462.718,1083.101,GS
2092,5654661.030,-6455.246,1082.563,GS
2093,5654661.744,-6446.530,1082.225,G
2094,5654660.853,-6440.334,1081.943,GS
2095,5654658.896,-6429.589,1081.593,GS
2096,5654659.846,-6422.391,1081.365,GS
2097,5654660.537,-6415.608,1081.183,GS
2098,5654659.407,-6408.222,1080.971,GS
2099,5654668.066,-6406.012,1081.180,GS
2100,5654668.297,-6414.895,1081.249,GS
2101,5654667.895,-6423.720,1081.483,GS
2102,5654669.240,-6431.970,1081.806,GS
2103,5654666.879,-6439.073,1081.975,GS
2104,5654667.365,-6448.088,1082.281,GS
2105,5654669.727,-6453.386,1082.608,GS
2106,5654666.420,-6461.371,1083.030,GS
2107,5654669.064,-6469.287,1083.386,GS
2108,5654666.133,-6477.675,1083.651,GS
2109,5654668.183,-6487.125,1084.162,GS
2110,5654667.492,-6494.143,1084.429,GS
2111,5654667.827,-6500.875,1084.940,GS
2112,5654666.834,-6510.823,1085.388,GS
2113,5654666.634,-6519.720,1085.525,GS
2114,5654666.295,-6527.795,1085.579,GS
2115,5654676.988,-6532.810,1085.743,GS
2116,5654677.067,-6525.691,1085.715,GS
2117,5654674.796,-6516.618,1085.575,GS
2118,5654675.410,-6509.557,1085.261,GS
2119,5654675.406,-6492.503,1084.272,GS
2120,5654674.241,-6485.151,1083.972,GS
2121,5654676.882,-6477.117,1083.700,GS
2122,5654676.835,-6471.799,1083.607,GS
2123,5654675.209,-6463.345,1083.269,GS
2124,5654675.564,-6454.175,1082.753,GS
2125,5654675.970,-6446.424,1082.420,GS
2126,5654674.658,-6437.557,1082.056,GS
2127,5654676.130,-6431.074,1081.978,GS
2128,5654674.128,-6423.540,1081.572,GS
2129,5654674.197,-6413.041,1081.207,GS
2130,5654676.256,-6406.272,1081.326,GS
2131,5654685.634,-6407.479,1081.546,GS
2132,5654683.377,-6415.056,1081.506,GS
2133,5654684.498,-6422.112,1081.813,GS
2134,5654685.830,-6430.877,1082.189,GS
2135,5654684.968,-6438.190,1082.509,GS
1684,5654684.669,-6447.185,1082.678,GS
2137,5654683.174,-6453.794,1083.018,GS
2138,5654683.402,-6461.221,1083.411,GS
2139,5654685.765,-6470.977,1083.677,GS
2140,5654683.528,-6479.042,1083.932,GS
2141,5654683.537,-6495.021,1084.518,GS
2142,5654684.351,-6502.617,1084.836,GS
2143,5654684.370,-6510.073,1085.065,GS
2144,5654683.063,-6519.579,1085.668,GS
2145,5654684.783,-6524.847,1085.672,GS
2146,5654682.083,-6535.321,1085.894,GS
2147,5654692.357,-6535.839,1085.967,GS
2148,5654692.311,-6517.314,1085.454,GS
2149,5654693.544,-6509.390,1085.095,GS
2150,5654692.071,-6501.398,1084.854,GS
2151,5654691.034,-6493.959,1084.525,GS
2152,5654691.738,-6487.246,1084.251,GS
2153,5654693.924,-6477.825,1084.025,GS
2154,5654691.181,-6470.646,1083.945,GS
2155,5654690.985,-6462.486,1083.754,GS
2156,5654690.276,-6456.115,1083.365,GS
2157,5654691.714,-6445.266,1082.909,GS
2158,5654693.564,-6438.943,1082.692,GS
2159,5654691.667,-6430.175,1082.350,GS
2160,5654690.677,-6424.082,1082.039,GS
2161,5654690.007,-6412.458,1081.453,GS
2162,5654692.332,-6406.622,1081.673,GS
2163,5654700.949,-6408.033,1081.778,GS
2164,5654700.343,-6413.233,1081.883,GS
2165,5654700.478,-6424.074,1082.344,GS
2166,5654698.698,-6429.722,1082.478,GS
2167,5654699.474,-6437.066,1082.934,GS
2168,5654698.748,-6445.405,1081.094,GS
2169,5654698.078,-6455.737,1083.509,GS
2170,5654698.162,-6460.609,1083.698,GS
2171,5654699.897,-6471.881,1084.075,GS
2172,5654699.728,-6477.892,1084.150,GS
2173,5654700.741,-6484.441,1084.264,GS
2174,5654699.247,-6493.022,1084.651,GS
2175,5654699.845,-6501.379,1084.889,GS
2176,5654701.646,-6510.755,1085.186,GS
2177,5654701.816,-6518.298,1085.640,GS
2178,5654700.845,-6524.455,1085.996,GS
2179,5654698.978,-6535.816,1086.157,GS
2180,5654706.456,-6533.521,1086.225,GS
2181,5654706.510,-6525.056,1086.035,GS
2182,5654707.714,-6520.376,1085.687,GS
2183,5654707.694,-6510.769,1085.274,GS
2184,5654706.749,-6503.172,1085.123,GS
2185,5654707.553,-6495.733,1084.950,GS
2186,5654708.771,-6486.386,1084.491,GS
2187,5654708.610,-6478.916,1084.429,GS
2188,5654706.876,-6470.074,1084.054,GS
2189,5654707.210,-6460.610,1083.747,GS
2190,5654709.918,-6454.293,1083.443,GS
2191,5654707.112,-6446.110,1083.340,GS
2192,5654706.138,-6440.186,1083.320,GS
2193,5654706.880,-6430.866,1082.930,GS
2194,5654707.154,-6421.203,1082.496,GS
2195,5654709.828,-6414.319,1082.251,GS
2196,5654709.815,-6406.979,1081.920,GS
2197,5654714.869,-6406.536,1082.007,GS
2198,5654716.453,-6413.924,1082.354,GS
2199,5654715.500,-6421.616,1082.800,GS
2200,5654716.371,-6431.640,1083.213,GS
2201,5654717.167,-6439.960,1083.285,GS
2202,5654714.067,-6446.982,1083.346,GS
2203,5654717.325,-6454.825,1083.490,GS
2204,5654716.298,-6462.410,1083.713,GS
2205,5654714.808,-6468.711,1084.067,GS
2206,5654715.666,-6479.753,1084.452,GS
2207,5654716.817,-6486.776,1084.686,GS
2208,5654715.102,-6495.588,1085.018,GS
2209,5654715.644,-6501.658,1085.293,GS
2210,5654717.454,-6508.728,1085.464,GS
2211,5654714.782,-6519.410,1085.694,GS
2212,5654715.554,-6526.958,1086.122,GS
2213,5654715.505,-6536.019,1086.413,GS
2214,5654725.603,-6541.181,1086.665,GS
2215,5654723.758,-6524.490,1086.089,GS
2216,5654725.406,-6520.003,1085.942,GS
2217,5654724.239,-6511.193,1085.677,GS
2218,5654725.444,-6493.977,1085.098,GS
2219,5654724.808,-6485.348,1084.781,GS
2220,5654724.406,-6477.045,1084.238,GS
2221,5654722.584,-6470.749,1083.988,GS
2222,5654723.854,-6460.854,1083.579,GS
2223,5654725.705,-6456.112,1083.508,GS
2224,5654723.385,-6448.028,1081.771,GS
2225,5654722.402,-6437.625,1083.326,GS
2226,5654722.472,-6430.254,1083.288,GS
2227,5654723.267,-6420.597,1082.932,GS
2228,5654724.511,-6416.308,1082.708,GS
2229,5654725.640,-6408.054,1082.144,GS
2230,5654724.341,-6396.944,1082.105,GS
2231,5654733.308,-6391.987,1082.378,GS
2232,5654732.875,-6397.948,1082.420,GS
2233,5654732.373,-6407.774,1082.219,GS
2234,5654733.518,-6430.386,1083.344,GS
2235,5654731.096,-6438.635,1083.383,GS
2236,5654733.426,-6446.083,1083.484,GS
2237,5654731.596,-6452.480,1083.536,GS
2238,5654731.191,-6463.322,1083.712,GS
2239,5654733.740,-6468.481,1083.917,GS
2240,5654733.803,-6479.836,1084.464,GS
2241,5654733.178,-6488.170,1085.091,GS
2242,5654732.142,-6494.158,1085.245,GS
2243,5654730.979,-6501.525,1085.385,GS
2244,5654732.540,-6509.080,1085.838,GS
2245,5654731.347,-6519.250,1086.151,GS
2246,5654730.904,-6527.409,1086.293,GS
2247,5654730.355,-6536.387,1086.562,GS
2248,5654731.677,-6543.939,1086.669,GS
2249,5654741.835,-6548.697,1087.363,GS
2250,5654741.317,-6542.264,1086.948,GS
2251,5654740.230,-6534.147,1086.824,GS
2252,5654738.031,-6526.920,1086.434,GS
2253,5654740.072,-6516.716,1086.193,GS
2254,5654740.444,-6511.903,1086.047,GS
2255,5654740.212,-6501.036,1085.472,GS
2256,5654739.076,-6493.268,1087.283,GS
2257,5654741.896,-6485.004,1084.968,GS
2258,5654740.865,-6480.398,1084.606,GS
2259,5654739.757,-6472.059,1084.092,GS
2260,5654740.146,-6461.962,1083.900,GS
2261,5654741.658,-6454.865,1083.612,GS
2262,5654741.851,-6446.508,1083.520,GS
2263,5654738.126,-6438.967,1083.474,GS
2264,5654740.885,-6428.803,1083.449,GS
2265,5654739.439,-6421.940,1083.218,GS
2266,5654740.715,-6408.018,1082.531,GS
2267,5654740.294,-6400.299,1082.577,GS
2268,5654741.605,-6388.426,1082.607,GS
2269,5654748.092,-6389.182,1082.428,GS
2270,5654746.609,-6398.484,1082.611,GS
2271,5654746.076,-6413.686,1082.741,GS
2272,5654749.835,-6423.652,1083.083,GS
2273,5654746.774,-6431.829,1083.326,GS
2274,5654748.660,-6439.895,1083.565,GS
2275,5654749.433,-6448.102,1083.794,GS
2276,5654747.067,-6453.096,1083.780,GS
2277,5654747.237,-6460.686,1083.843,GS
2278,5654746.708,-6471.275,1084.187,GS
2279,5654747.235,-6479.951,1084.729,GS
2280,5654748.923,-6485.259,1085.040,GS
2281,5654747.180,-6493.520,1085.336,GS
2282,5654748.147,-6503.057,1085.654,GS
2283,5654748.239,-6510.692,1086.010,GS
2284,5654749.579,-6516.618,1086.313,GS
2285,5654746.364,-6526.628,1086.719,GS
2286,5654748.350,-6543.079,1087.052,GS
2287,5654745.987,-6548.870,1087.651,GS
2288,5654757.006,-6533.619,1087.178,GS
2289,5654756.644,-6527.737,1086.934,GS
2290,5654754.282,-6520.193,1086.572,GS
2291,5654755.954,-6510.891,1086.133,GS
2292,5654756.024,-6503.578,1085.779,GS
2293,5654756.926,-6496.357,1085.568,GS
2294,5654756.186,-6484.655,1085.225,GS
2295,5654757.361,-6479.755,1084.951,GS
2296,5654755.095,-6471.977,1084.518,GS
2297,5654756.354,-6462.432,1084.374,GS
2298,5654756.404,-6453.418,1084.171,GS
2299,5654754.927,-6446.816,1083.931,GS
2300,5654755.420,-6436.488,1083.585,GS
2301,5654754.899,-6432.208,1083.463,GS
2302,5654754.553,-6420.493,1083.052,GS
2303,5654755.709,-6405.547,1083.332,GS
2304,5654754.589,-6390.237,1082.613,GS
2305,5654765.895,-6430.193,1083.886,GS
2306,5654761.942,-6436.750,1083.704,GS
2307,5654762.716,-6447.012,1084.084,GS
2308,5654765.790,-6453.621,1084.356,GS
2309,5654763.046,-6463.075,1084.663,GS
2310,5654764.728,-6471.980,1084.955,GS
1398,5654764.324,-6478.942,1085.195,GS
2312,5654763.482,-6484.876,1085.308,GS
2313,5654763.417,-6492.522,1085.575,GS
2314,5654763.967,-6503.380,1086.029,GS
2315,5654762.387,-6511.581,1086.372,GS
2316,5654763.586,-6519.957,1086.785,GS
2317,5654763.701,-6524.751,1086.990,GS
2318,5654763.899,-6541.847,1087.310,GS
2319,5654771.245,-6540.569,1087.504,GS
2320,5654773.362,-6535.349,1087.474,GS
2321,5654770.399,-6525.221,1087.226,GS
2322,5654772.994,-6518.485,1087.135,GS
2323,5654773.738,-6512.044,1086.869,GS
2324,5654770.918,-6488.131,1085.717,GS
2325,5654771.264,-6471.353,1085.090,GS
2326,5654771.948,-6462.360,1084.817,GS
2327,5654773.436,-6445.840,1084.583,GS
2328,5654779.836,-6477.480,1085.352,GS
2329,5654779.661,-6493.441,1086.030,GS
2330,5654780.066,-6501.393,1086.346,GS
2331,5654780.855,-6510.305,1086.677,GS
2332,5654778.577,-6518.320,1087.041,GS
2333,5654779.137,-6526.318,1087.356,GS
2334,5654779.356,-6536.178,1087.595,GS
2335,5654787.606,-6544.282,1087.692,GS
2336,5654786.953,-6533.215,1087.619,GS
2337,5654788.022,-6509.475,1086.876,GS
2338,5654785.984,-6488.389,1086.156,GS
2339,5654797.000,-6528.154,1087.426,GS
2340,5654794.076,-6532.508,1087.585,GS
